id,Title,Content,"Image URL","Image Filename","Image Path","Image ID","Image Title","Image Caption","Image Description","Image Alt Text","Image Featured"
1,"Chào tất cả mọi người!","<!-- wp:paragraph -->
<p>Cảm ơn vì đã sử dụng WordPress. Đây là bài viết đầu tiên của bạn. Sửa hoặc xóa nó, và bắt đầu bài viết của bạn nhé!</p>
<!-- /wp:paragraph -->",,,,,,,,,
321,"Quạt công nghiệp là gì?","Hiện nay với sự phát triển của công nghiệp thì các nhà máy đang được dựng lên ngày càng nhiều. Để đảm bảo cho việc hoạt động của nhà máy luôn thông suốt và hiệu quả chúng ta cần bố trí rất nhiều những quạt công nghiệp. Vậy tại sao lại sử dụng sản phẩm này trong môi trường khu công nghiệp, nhà xưởng, khu chế xuất?

Trong bài viết dưới đây, chúng ta sẽ cùng đi tìm hiểu khái niệm về quạt công nghiệp và những lợi ích mà loại sản phẩm này mang đến trên thị trường. Mời các bạn cùng theo dõi nhé!

<strong>Quạt công nghiệp là gì?</strong>
Quạt công nghiệp là sản phẩm dành riêng cho ngành công nghiệp giúp nhà máy, nhà xưởng nhưng được làm mát và thông thoáng.

<img class=""aligncenter"" src=""http://api.posting.esnc.net/files/1534900255.png"" alt="""" />

<strong>Sử dụng quạt công nghiệp giúp không gian trở nên thoáng đãng hơn</strong>
Quạt công nghiệp sẽ có tác dụng giảm dần nhiệt độ của một không gian lớn xưởng, khu công nghiệp. Với chức năng lưu thông gió tốt sẽ làm cho những luồng không khí nóng bị đẩy ra ngoài và bầu không khí làm việc sẽ được thoải mái hơn, tạo cảm giác dễ chịu cho công nhân làm việc cũng như cán bộ nhà xưởng.

Những chất độc hại sẽ được thải bỏ ra ngoài, đặc biệt với những nhà máy sản xuất kim loại nặng hay các hóa chất độc hại thì đây sẽ là một sản phẩm vô cùng hữu ích.

<strong>Độ bền lớn</strong>
Hầu hết các sản phẩm quạt công nghiệp có chất lượng cao đều có tuổi thọ lớn và có thể chịu được áp lực làm việc cao trong thời gian lâu dài. Chính vì vậy, đây là sản phẩm mà rất nhiều các chủ doanh nghiệp đã lựa chọn để tiết kiệm chi phí thay mới cũng như thời gian bảo trì sản phẩm.

Hiện nay quạt công nghiệp đang được sử dụng ngày càng nhiều với công suất khác nhau phù hợp với diện tích nhà xưởng và nhu cầu sử dụng. Chính vì vậy, tùy vào tình trạng của mình và bạn có thể tìm được vài sản phẩm quạt công nghiệp phù hợp nhất.

<strong>Tiết kiệm chi phí</strong>
Chính do độ bền nên khách hàng sẽ không cần mất kinh phí để thay mới như các sản phẩm thông thường khác. Điều này sẽ giúp người dùng tiết kiệm được một khoản chi phí khá lớn đặc biệt với những ai có nhu cầu sử dụng với số lượng quạt công nghiệp lớn trong một diện tích khu công nghiệp, nhà xưởng rộng. Thời gian sử dụng lâu cũng tiết kiệm được cho người dùng sự bảo trì và thay mới.

Trên đây là một số những ưu điểm mà quạt công nghiệp mang đến cho người dùng. Chính vì vậy chúng ta đã hiểu tại sao nên sử dụng sản phẩm này trong các khu công nghiệp, nhà trường.",,,,,,,,,
